"Pass []","re(Mode(1)) [g]","re(Mode(2)) [g]"
1,3.1086112243146,7.76395354906542
2,4.17050666243475,8.79711528395764
3,5.12634180980299,8.76553634164628
4,5.51351650970404,8.88093450822482
5,5.80149911000225,9.02175843316944
6,5.9425687015186,9.14788098216578
7,6.044937518693,9.19710066759675
8,6.08864525930006,9.31414635454392
9,6.11611329427266,9.33378912090491
10,6.14889700489983,9.35014421718204
