"Pass []","re(Mode(1)) [g]","re(Mode(2)) [g]"
1,11.6575038529893,22.7340414002124
2,12.6885487923965,24.9483007901787
3,13.3288039846946,25.4667519145266
4,12.9825650759493,25.3960672700416
5,13.0437299553611,25.4161058397848
6,,
7,,
8,,
9,,
