"Pass []","re(Mode(1)) [g]","re(Mode(2)) [g]"
1,3.26625915709729,7.43772759704971
2,4.03226854601414,8.15281010699388
3,4.67555610372137,8.55946048388933
4,5.27316903273956,8.66775148391791
5,5.60786652956648,8.67062708260561
6,5.83506415773674,8.91009987025172
7,5.93747829151754,9.08287930867661
8,6.02134789154364,9.16577387863621
9,6.10004041539437,9.27463705133113
10,6.13716756807549,9.31671133479697
