"Pass []","re(Mode(1)) [g]"
1,3.5797158262284
2,5.16830809472963
3,5.92348766313161
4,6.1067266124265
5,6.19831696563431
6,6.25134319251993
