"Pass []","re(Mode(1)) [g]"
1,4.90442491910185
2,5.65675321842889
3,5.92864504905089
4,6.11133054860517
5,6.18519616124571
6,6.24066270276602
