"Pass []","re(Mode(1)) [g]","re(Mode(2)) [g]"
1,3.84749925829953,8.20467635313497
2,3.77039440066071,4.69506706287852
3,5.05009214409246,5.06508785773246
4,5.16142905427284,5.41332192805765
5,5.22385427941094,5.55373672618111
6,5.26388129725593,5.63856050852542
7,5.29301048863604,5.68461465090528
8,5.31415429126962,5.7180146754334
9,5.32988064783409,5.74340713964207
10,5.34263417818055,5.76103203575433
11,5.35230508474123,5.77306479963227
12,5.35914032932729,5.78391363745139
