"Pass []","re(Mode(1)) [g]","re(Mode(2)) [g]"
1,6.06891955484937,27.3046853839806
2,3.51832607564277,4.40907279219258
3,4.67321130604128,5.23395410167987
4,5.0178110169945,5.51440135726266
5,5.14411124393875,5.60845306697858
6,5.2100096017851,5.66408174304987
7,5.25662459775284,5.7018445124973
8,5.28961192411318,5.72968789509594
9,5.31236358560607,5.74990479841734
10,5.32875957777357,5.76524291788087
11,5.34176411745773,5.77582306903183
12,5.35177892287868,5.78476372038541
