"Pass []","re(Mode(1)) [g]","re(Mode(2)) [g]"
1,9.55087365188982,28.0370824755535
2,4.18117456730976,5.05403909892039
3,4.97491156844544,5.42232353455013
4,5.12412937333417,5.56360374604781
5,5.20366052105317,5.63285740806041
6,5.25079846569081,5.68240688449817
7,5.28519686835687,5.71316540737069
8,5.30823279734249,5.73813624098167
9,,
10,,
11,,
12,,
