"Pass []","re(Mode(1)) [g]","re(Mode(2)) [g]"
1,11.4618275730763,21.6663715608165
2,12.6778569532743,24.1009679296511
3,12.5141426745944,24.4628889265909
4,12.4080544136377,23.6055228421251
5,12.5311879166302,24.0310144239684
6,12.7573845260755,24.8253773815324
7,13.2665573792614,25.9340374903146
8,13.5519372461843,26.5928592040972
9,13.7362177156765,27.0297357538175
