"Pass []","re(Mode(1)) [g]","re(Mode(2)) [g]"
1,26.3608440316467,32.0088096576655
2,35.8714999354227,36.822612902932
3,36.1106870868849,40.0356237403205
4,36.276653586031,40.526219364413
5,36.3109666416343,40.6560420636801
6,36.3449009298481,40.7598791393887
7,36.3617695125031,40.8210344242015
8,36.3752604064141,40.863828044458
9,36.3858713331843,40.8838724582193
10,,
11,,
12,,
13,,
14,,
15,,
